{"cameraMode":{"drawMode":0,"name":"Shaded","section":"Shading Mode"},"sceneLighting":true,"audioPlay":false,"sceneViewState":{"m_AlwaysRefresh":false,"showFog":true,"showSkybox":true,"showFlares":true,"showImageEffects":true,"showParticleSystems":true,"showVisualEffectGraphs":true,"m_FxEnabled":true},"in2DMode":false,"pivot":{"x":0.47752809524536135,"y":20.919219970703126,"z":-71.23260498046875},"rotation":{"x":0.2705366611480713,"y":-0.0867866575717926,"z":0.024496106430888177,"w":0.9584780335426331},"size":15.718703269958496,"orthographic":false}